{
  "num_models": 1,
  "results": [
    {
      "name": "unknown",
      "board_type": "unknown",
      "num_players": 2,
      "avg_score": 0.7992982456140348,
      "avg_vs_random": 0.14999999999999994,
      "avg_vs_heuristic": 0.32464912280701774,
      "avg_vs_mcts": 0.0,
      "num_samples": 70,
      "sources": [
        "lambda-gh200-e",
        "lambda-gh200-e",
        "lambda-gh200-e",
        "lambda-gh200-e",
        "lambda-gh200-e",
        "lambda-gh200-e",
        "lambda-gh200-e",
        "lambda-gh200-e",
        "lambda-gh200-e",
        "lambda-gh200-e",
        "lambda-gh200-e",
        "lambda-gh200-e",
        "lambda-gh200-e",
        "lambda-gh200-e",
        "lambda-gh200-e",
        "lambda-gh200-e",
        "lambda-gh200-e",
        "lambda-gh200-e",
        "lambda-gh200-k",
        "lambda-gh200-k",
        "lambda-gh200-k",
        "lambda-gh200-k",
        "lambda-gh200-k",
        "lambda-gh200-k",
        "lambda-gh200-k",
        "lambda-gh200-k",
        "lambda-gh200-k",
        "lambda-gh200-k",
        "lambda-gh200-k",
        "lambda-gh200-k",
        "lambda-gh200-k",
        "lambda-gh200-k",
        "lambda-gh200-k",
        "lambda-gh200-k",
        "lambda-gh200-k",
        "lambda-gh200-k",
        "lambda-2xh100",
        "lambda-2xh100",
        "lambda-2xh100",
        "lambda-2xh100",
        "lambda-2xh100",
        "lambda-2xh100",
        "lambda-2xh100",
        "lambda-2xh100",
        "lambda-2xh100",
        "lambda-2xh100",
        "lambda-2xh100",
        "lambda-2xh100",
        "lambda-2xh100",
        "lambda-2xh100",
        "lambda-2xh100",
        "lambda-2xh100",
        "lambda-2xh100",
        "100.78.101.123",
        "100.78.101.123",
        "100.78.101.123",
        "100.78.101.123",
        "100.78.101.123",
        "100.78.101.123",
        "100.78.101.123",
        "100.78.101.123",
        "100.78.101.123",
        "100.78.101.123",
        "100.78.101.123",
        "100.78.101.123",
        "100.78.101.123",
        "100.78.101.123",
        "100.78.101.123",
        "100.78.101.123",
        "100.78.101.123"
      ]
    }
  ]
}
