{
  "fitness": 0.5,
  "generation": 2,
  "timestamp": "2025-11-26T14:26:45.730932",
  "weights": {
    "WEIGHT_ADJACENCY": 1.8829298955630285,
    "WEIGHT_CENTER_CONTROL": 3.8829220117790233,
    "WEIGHT_ELIMINATED_RINGS": 11.765257590592498,
    "WEIGHT_LINE_CONNECTIVITY": 5.718844520811936,
    "WEIGHT_LINE_POTENTIAL": 7.2712868038783025,
    "WEIGHT_MARKER_COUNT": 1.2671280077904847,
    "WEIGHT_MOBILITY": 4.3837248258199715,
    "WEIGHT_OPPONENT_THREAT": 6.78961956797016,
    "WEIGHT_OVERTAKE_POTENTIAL": 7.043325331709608,
    "WEIGHT_RINGS_IN_HAND": 3.761521274188189,
    "WEIGHT_STACK_CONTROL": 10.248357076505616,
    "WEIGHT_STACK_HEIGHT": 4.930867657380389,
    "WEIGHT_STACK_MOBILITY": 4.157131086201514,
    "WEIGHT_TERRITORY": 8.323846068190171,
    "WEIGHT_TERRITORY_CLOSURE": 9.137507543022341,
    "WEIGHT_TERRITORY_SAFETY": 4.493561931974387,
    "WEIGHT_VICTORY_PROXIMITY": 19.76828471714753,
    "WEIGHT_VULNERABILITY": 8.120985168554755
  }
}
