{
  "total_games": 5,
  "total_moves": 524,
  "total_time_seconds": 8.702298164367676,
  "games_per_second": 0.5745608695037524,
  "moves_per_game": 104.8,
  "wins_by_player": {
    "1": 3,
    "2": 2
  },
  "draws": 0,
  "draw_rate": 0.0,
  "victory_type_counts": {
    "territory": 4,
    "ring_elimination": 1
  },
  "stalemate_by_tiebreaker": {},
  "board_type": "square8",
  "num_players": 2,
  "max_moves": 500,
  "device": "mps",
  "evaluator_stats": {
    "eval_count": 17058,
    "total_eval_time": 5.833921536832349,
    "cpu_time": 2.7621252112003276,
    "gpu_time": 5.2243962089996785,
    "evals_per_second": 2923.9337369048676,
    "gpu_fraction": 0.8955204789806575
  },
  "timestamp": "2025-12-10T15:18:39.824602",
  "seed": 42,
  "game_lengths": [63, 131, 143, 50, 137],
  "p1_win_rate": 0.6,
  "p2_win_rate": 0.4
}
